sport,height_cm,weight_kg,bmi,position,Player,height,weight,Wingspan,Hand Length,Hand Width,source_file,processed_date,Sex,Arm Span,Leg Length,Torso Length,Spike Reach,Block Reach,cluster
basketball,205.74,99.9716768,23.61780352885504,Center,Izan Almansa,"6'9.25""",220.4 lbs,"7'1.75""",9.25,9.5,basketball.csv,2025-09-13T21:48:26.820026,,,,,,,0
basketball,198.12,99.0644928,25.23837457931326,PG-SG,Adou Thiero,"6'6.25""",218.4 lbs,"7'0.00""",9.0,10.25,basketball.csv,2025-09-13T21:48:26.820026,,,,,,,0
basketball,193.04,86.3639168,23.17595892809514,PG-SG,Tre Johnson,"6'4.75""",190.4 lbs,"6'10.25""",8.5,8.0,basketball.csv,2025-09-13T21:48:26.820026,,,,,,,0
basketball,193.04,98.7016192,26.486810203537303,Shooting Guard,Sion James,"6'4.50""",217.6 lbs,"6'6.50""",8.25,9.25,basketball.csv,2025-09-13T21:48:26.820026,,,,,,,0
basketball,193.04,93.0770784,24.977451533850434,PG-SG,Kasparas Jakucionis,"6'4.75""",205.2 lbs,"6'7.75""",8.5,9.75,basketball.csv,2025-09-13T21:48:26.820026,,,,,,,0
basketball,195.58,87.7246928,22.93363902632679,Shooting Guard,Ben Henshall,"6'5.50""",193.4 lbs,"6'6.50""",8.0,8.0,basketball.csv,2025-09-13T21:48:26.820026,,,,,,,0
basketball,187.96,85.9103248,24.317251600171566,Shooting Guard,PJ Haggerty,"6'2.25""",189.4 lbs,"6'6.50""",8.5,9.5,basketball.csv,2025-09-13T21:48:26.820026,,,,,,,0
basketball,198.12,101.0149384,25.73528396892428,Small Forward,Hugo González,"6'6.25""",222.7 lbs,"6'10.75""",10.25,9.0,basketball.csv,2025-09-13T21:48:26.820026,,,,,,,0
basketball,213.36,114.9402128,25.249105180750043,Center,Vladislav Goldin,"7'0.00""",253.4 lbs,"7'5.25""",9.5,11.75,basketball.csv,2025-09-13T21:48:26.820026,,,,,,,0
basketball,203.2,105.4147808,25.53019328538657,SF-PF,Rasheer Fleming,"6'8.25""",232.4 lbs,"7'5.25""",9.5,9.5,basketball.csv,2025-09-13T21:48:26.820026,,,,,,,0
basketball,187.96,78.1992608,22.134604941233256,Point Guard,Boogie Fland,"6'2.00""",172.4 lbs,"6'6.00""",8.5,9.0,basketball.csv,2025-09-13T21:48:26.820026,,,,,,,0
basketball,200.66,100.243832,24.8963708310368,SF-PF,Cooper Flagg,"6'7.75""",221.0 lbs,"7'0.00""",8.75,9.75,basketball.csv,2025-09-13T21:48:26.820026,,,,,,,0
basketball,187.96,81.4651232,23.0590199967836,PG-SG,Jeremiah Fears,"6'2.50""",179.6 lbs,"6'5.25""",8.25,9.25,basketball.csv,2025-09-13T21:48:26.820026,,,,,,,0
basketball,208.28,92.532768,21.33046954969579,Power Forward,Noa Essengue,"6'10.00""",204.0 lbs,"7'1.00""",8.97,10.62,basketball.csv,2025-09-13T21:48:26.820026,,,,,,,0
basketball,193.04,87.6339744,23.516781853508306,PG-SG,VJ Edgecombe,"6'4.00""",193.2 lbs,"6'7.50""",8.5,9.5,basketball.csv,2025-09-13T21:48:26.820026,,,,,,,0
basketball,193.04,96.7058144,25.95123132074519,PG-SG,Dylan Harper,"6'4.50""",213.2 lbs,"6'10.50""",9.25,9.25,basketball.csv,2025-09-13T21:48:26.820026,,,,,,,0
basketball,203.2,90.3555264,21.883022816045628,PG-SG,Egor Demin,"6'8.25""",199.2 lbs,"6'10.25""",8.25,9.25,basketball.csv,2025-09-13T21:48:26.820026,,,,,,,0
basketball,195.58,96.615096,25.25783408794005,PG-SG,Cedric Coward,"6'5.25""",213.0 lbs,"7'2.25""",9.25,10.0,basketball.csv,2025-09-13T21:48:26.820026,,,,,,,0
basketball,210.82,100.6067056,22.63618893328656,SF-PF,Alex Condon,"6'11.25""",221.8 lbs,"7'0.75""",9.25,9.75,basketball.csv,2025-09-13T21:48:26.820026,,,,,,,0
basketball,195.58,91.625584,23.95343890029996,PG-SG,Nique Clifford,"6'5.25""",202.0 lbs,"6'8.00""",8.25,8.5,basketball.csv,2025-09-13T21:48:26.820026,,,,,,,0
basketball,187.96,90.264808,25.54980500757203,PG-SG,Walter Clayton Jr.,"6'2.00""",199.0 lbs,"6'4.00""",8.25,9.75,basketball.csv,2025-09-13T21:48:26.820026,,,,,,,0
basketball,193.04,82.46302560000001,22.129145657183283,Shooting Guard,Miles Byrd,"6'4.75""",181.8 lbs,"6'10.00""",8.75,9.25,basketball.csv,2025-09-13T21:48:26.820026,,,,,,,0
basketball,198.12,97.4315616,24.82235741591799,SF-PF,Carter Bryant,"6'6.50""",214.8 lbs,"6'11.75""",8.5,9.5,basketball.csv,2025-09-13T21:48:26.820026,,,,,,,0
basketball,205.74,113.1258448,26.725409256335965,SF-PF,Johni Broome,"6'9.25""",249.4 lbs,"7'0.25""",9.25,10.25,basketball.csv,2025-09-13T21:48:26.820026,,,,,,,0
basketball,195.58,91.5348656,23.929722624161048,Shooting Guard,Koby Brea,"6'5.75""",201.8 lbs,"6'5.25""",8.5,9.25,basketball.csv,2025-09-13T21:48:26.820026,,,,,,,0
basketball,210.82,106.5034016,23.96292678780741,Center,Joan Beringer,"6'11.00""",234.8 lbs,"7'4.50""",9.75,10.0,basketball.csv,2025-09-13T21:48:26.820026,,,,,,,0
basketball,190.5,86.8175088,23.923094715522765,Shooting Guard,Tamar Bates,"6'3.75""",191.4 lbs,"6'10.25""",9.75,9.0,basketball.csv,2025-09-13T21:48:26.820026,,,,,,,0
basketball,200.66,91.9884576,22.84608146848084,SF-PF,Ace Bailey,"6'7.50""",202.8 lbs,"7'0.50""",8.5,9.0,basketball.csv,2025-09-13T21:48:26.820026,,,,,,,0
basketball,200.66,89.7204976,22.282815160086333,Small Forward,Neoklis Avdalas,"6'7.50""",197.8 lbs,"6'9.00""",8.25,9.75,basketball.csv,2025-09-13T21:48:26.820026,,,,,,,0
basketball,200.66,117.2988912,29.13213347016343,Power Forward,Eric Dixon,"6'7.50""",258.6 lbs,"6'11.50""",8.75,10.0,basketball.csv,2025-09-13T21:48:26.820026,,,,,,,0
distance_running,,,,DISTANCE RUNNER,Tigist Assefa,,,,,,distance_running.csv,2025-09-13T21:48:26.825280,F,,,,,,0
distance_running,165.0,52.0,19.10009182736456,DISTANCE RUNNER,Ruth Chepngetich 2,165 cm,52 kg,,,,distance_running.csv,2025-09-13T21:48:26.825280,F,,,,,,0
distance_running,170.0,54.0,18.68512110726644,DISTANCE RUNNER,Paula Radcliffe 2,170 cm,54 kg,,,,distance_running.csv,2025-09-13T21:48:26.825280,F,,,,,,0
distance_running,,,,DISTANCE RUNNER,Brigid Kosgei 2,,,,,,distance_running.csv,2025-09-13T21:48:26.825280,F,,,,,,0
distance_running,170.0,57.0,19.723183391003463,DISTANCE RUNNER,Geoffrey Kamworor,170 cm,57 kg,,,,distance_running.csv,2025-09-13T21:48:26.825280,M,,,,,,0
distance_running,170.0,62.0,21.45328719723184,DISTANCE RUNNER,Bernard Lagat,170 cm,62 kg,,,,distance_running.csv,2025-09-13T21:48:26.825280,M,,,,,,0
distance_running,,,,DISTANCE RUNNER,Eliud Kipchoge 2,,,,,,distance_running.csv,2025-09-13T21:48:26.825280,M,,,,,,0
distance_running,168.0,,,DISTANCE RUNNER,Abel Kirui,168 cm,,,,,distance_running.csv,2025-09-13T21:48:26.825280,M,,,,,,0
distance_running,,,,DISTANCE RUNNER,Frank Elite,,,,,,distance_running.csv,2025-09-13T21:48:26.825280,M,,,,,,0
distance_running,157.0,47.0,19.067710657633167,DISTANCE RUNNER,Yuki Kawauchi,157 cm,47 kg,,,,distance_running.csv,2025-09-13T21:48:26.825280,M,,,,,,0
distance_running,164.0,48.0,17.846519928613922,DISTANCE RUNNER,Catherine Ndereba,164 cm,48 kg,,,,distance_running.csv,2025-09-13T21:48:26.825280,F,,,,,,0
distance_running,157.0,47.0,19.067710657633167,DISTANCE RUNNER,Deena Kastor,157 cm,47 kg,,,,distance_running.csv,2025-09-13T21:48:26.825280,F,,,,,,0
distance_running,,,,DISTANCE RUNNER,Shura Kitata,,,,,,distance_running.csv,2025-09-13T21:48:26.825280,M,,,,,,0
distance_running,178.0,63.0,19.883853048857468,DISTANCE RUNNER,Galen Rupp,178 cm,63 kg,,,,distance_running.csv,2025-09-13T21:48:26.825280,M,,,,,,0
distance_running,,,,DISTANCE RUNNER,Stephen Kiprop,,,,,,distance_running.csv,2025-09-13T21:48:26.825280,M,,,,,,0
distance_running,165.0,52.0,19.10009182736456,DISTANCE RUNNER,Ruth Chepngetich,165 cm,52 kg,,,,distance_running.csv,2025-09-13T21:48:26.825280,F,,,,,,0
distance_running,158.0,47.0,18.82711103989745,DISTANCE RUNNER,Mary Keitany,158 cm,47 kg,,,,distance_running.csv,2025-09-13T21:48:26.825280,F,,,,,,0
distance_running,160.0,50.0,19.53125,DISTANCE RUNNER,Kiplimo Jacob,160 cm,50 kg,,,,distance_running.csv,2025-09-13T21:48:26.825280,M,,,,,,0
distance_running,165.0,56.0,20.56932966023876,DISTANCE RUNNER,Kenenisa Bekele,165 cm,56 kg,,,,distance_running.csv,2025-09-13T21:48:26.825280,M,,,,,,0
distance_running,176.0,61.0,19.6926652892562,DISTANCE RUNNER,Kelvin Kiptum,176 cm,61 kg,,,,distance_running.csv,2025-09-13T21:48:26.825280,M,,,,,,0
distance_running,160.0,48.0,18.75,DISTANCE RUNNER,Brigid Kosgei,160 cm,48 kg,,,,distance_running.csv,2025-09-13T21:48:26.825280,F,,,,,,0
distance_running,170.0,54.0,18.68512110726644,DISTANCE RUNNER,Paula Radcliffe,170 cm,54 kg,,,,distance_running.csv,2025-09-13T21:48:26.825280,F,,,,,,0
distance_running,165.0,56.0,20.56932966023876,DISTANCE RUNNER,Haile Gebrselassie,165 cm,56 kg,,,,distance_running.csv,2025-09-13T21:48:26.825280,M,,,,,,0
distance_running,167.0,52.0,18.645344042454013,DISTANCE RUNNER,Eliud Kipchoge,167 cm,52 kg,,,,distance_running.csv,2025-09-13T21:48:26.825280,M,,,,,,0
distance_running,172.0,60.0,20.28123309897241,DISTANCE RUNNER,Wilson Kipsang,172 cm,60 kg,,,,distance_running.csv,2025-09-13T21:48:26.825280,M,,,,,,0
distance_running,168.0,54.0,19.13265306122449,DISTANCE RUNNER,Dennis Kimetto,168 cm,54 kg,,,,distance_running.csv,2025-09-13T21:48:26.825280,M,,,,,,0
distance_running,160.0,45.0,17.578124999999996,DISTANCE RUNNER,Yalemzerf Yehualaw,160 cm,45 kg,,,,distance_running.csv,2025-09-13T21:48:26.825280,F,,,,,,0
distance_running,165.0,50.0,18.36547291092746,DISTANCE RUNNER,Sifan Hassan,165 cm,50 kg,,,,distance_running.csv,2025-09-13T21:48:26.825280,F,,,,,,0
distance_running,168.0,,,DISTANCE RUNNER,Muktar Edris,168 cm,,,,,distance_running.csv,2025-09-13T21:48:26.825280,M,,,,,,0
distance_running,175.0,63.0,20.571428571428573,DISTANCE RUNNER,Mo Farah,175 cm,63 kg,,,,distance_running.csv,2025-09-13T21:48:26.825280,M,,,,,,0
gymnastics,170.0,,,GYMNAST,Sam Mikulak,170 cm,,,,,gymnastics.csv,2025-09-13T21:48:26.827281,M,,,,,,0
gymnastics,170.0,,,GYMNAST,Yul Moldauer,170 cm,,,,,gymnastics.csv,2025-09-13T21:48:26.827281,M,,,,,,0
gymnastics,170.0,,,GYMNAST,David Belyavskiy,170 cm,,,,,gymnastics.csv,2025-09-13T21:48:26.827281,M,,,,,,0
gymnastics,169.0,,,GYMNAST,Epke Zonderland,169 cm,,,,,gymnastics.csv,2025-09-13T21:48:26.827281,M,,,,,,0
gymnastics,168.0,,,GYMNAST,Diego Hypólito,168 cm,,,,,gymnastics.csv,2025-09-13T21:48:26.827281,M,,,,,,0
gymnastics,160.0,,,GYMNAST,Morgan Hurd,160 cm,,,,,gymnastics.csv,2025-09-13T21:48:26.827281,F,,,,,,0
gymnastics,164.0,,,GYMNAST,Sanne Wevers,164 cm,,,,,gymnastics.csv,2025-09-13T21:48:26.827281,F,,,,,,0
gymnastics,165.0,,,GYMNAST,Giulia Steingruber,165 cm,,,,,gymnastics.csv,2025-09-13T21:48:26.827281,F,,,,,,0
gymnastics,163.0,,,GYMNAST,Aly Raisman,163 cm,,,,,gymnastics.csv,2025-09-13T21:48:26.827281,F,,,,,,0
gymnastics,160.0,,,GYMNAST,Oksana Chusovitina,160 cm,,,,,gymnastics.csv,2025-09-13T21:48:26.827281,F,,,,,,0
gymnastics,165.0,,,GYMNAST,Giarnni Regini-Moran,165 cm,,,,,gymnastics.csv,2025-09-13T21:48:26.827281,M,,,,,,0
gymnastics,164.0,,,GYMNAST,Oleg Verniaiev,164 cm,,,,,gymnastics.csv,2025-09-13T21:48:26.827281,M,,,,,,0
gymnastics,157.0,,,GYMNAST,Shilese Jones,157 cm,,,,,gymnastics.csv,2025-09-13T21:48:26.827281,F,,,,,,0
gymnastics,160.0,,,GYMNAST,Max Whitlock,160 cm,,,,,gymnastics.csv,2025-09-13T21:48:26.827281,M,,,,,,0
gymnastics,157.0,,,GYMNAST,Jade Carey,157 cm,,,,,gymnastics.csv,2025-09-13T21:48:26.827281,F,,,,,,0
gymnastics,162.0,,,GYMNAST,Artur Dalaloyan,162 cm,,,,,gymnastics.csv,2025-09-13T21:48:26.827281,M,,,,,,0
gymnastics,142.0,47.0,23.30886728823646,GYMNAST,Simone Biles,142 cm,47.0 kg,,,,gymnastics.csv,2025-09-13T21:48:26.827281,F,,,,,,0
gymnastics,151.0,,,GYMNAST,Rebeca Andrade,151 cm,,,,,gymnastics.csv,2025-09-13T21:48:26.827281,F,,,,,,0
gymnastics,152.0,,,GYMNAST,Sunisa Lee,152 cm,,,,,gymnastics.csv,2025-09-13T21:48:26.827281,F,,,,,,0
gymnastics,152.0,,,GYMNAST,Jessica Gadirova,152 cm,,,,,gymnastics.csv,2025-09-13T21:48:26.827281,F,,,,,,0
gymnastics,160.0,,,GYMNAST,Viktoria Listunova,160 cm,,,,,gymnastics.csv,2025-09-13T21:48:26.827281,F,,,,,,0
gymnastics,152.0,,,GYMNAST,Angelina Melnikova,152 cm,,,,,gymnastics.csv,2025-09-13T21:48:26.827281,F,,,,,,0
gymnastics,150.0,,,GYMNAST,Carlos Yulo,150 cm,,,,,gymnastics.csv,2025-09-13T21:48:26.827281,M,,,,,,0
gymnastics,165.0,,,GYMNAST,Asia D'Amato,165 cm,,,,,gymnastics.csv,2025-09-13T21:48:26.827281,F,,,,,,0
gymnastics,165.0,,,GYMNAST,Larisa Iordache,165 cm,,,,,gymnastics.csv,2025-09-13T21:48:26.827281,F,,,,,,0
gymnastics,162.0,54.0,20.5761316872428,GYMNAST,Kōhei Uchimura,162 cm,54.0 kg,,,,gymnastics.csv,2025-09-13T21:48:26.827281,M,,,,,,0
gymnastics,166.0,,,GYMNAST,Daiki Hashimoto,166 cm,,,,,gymnastics.csv,2025-09-13T21:48:26.827281,M,,,,,,0
gymnastics,168.0,,,GYMNAST,Nikita Nagornyy,168 cm,,,,,gymnastics.csv,2025-09-13T21:48:26.827281,M,,,,,,0
gymnastics,150.0,,,GYMNAST,Alice D'Amato,150 cm,,,,,gymnastics.csv,2025-09-13T21:48:26.827281,F,,,,,,0
rowing,189.0,90.0,25.195263290501387,ROWER,Damir Martin,189 cm,90 kg,,,,rowing.csv,2025-09-13T21:48:26.830914,M,,,,,,0
rowing,177.0,72.0,22.981901752370007,ROWER,Fintan McCarthy,177 cm,72 kg,,,,rowing.csv,2025-09-13T21:48:26.830914,M,,,,,,0
rowing,177.0,72.0,22.981901752370007,ROWER,Paul O'Donovan,177 cm,72 kg,,,,rowing.csv,2025-09-13T21:48:26.830914,M,,,,,,0
rowing,176.0,69.0,22.27530991735537,ROWER,Zoe Stevenson,176 cm,69 kg,,,,rowing.csv,2025-09-13T21:48:26.830914,F,,,,,,0
rowing,179.0,80.0,24.9680097375238,ROWER,Emma Twigg,179 cm,80 kg,,,,rowing.csv,2025-09-13T21:48:26.830914,F,,,,,,0
rowing,179.0,74.0,23.095409007209515,ROWER,Grace Prendergast,179 cm,74 kg,,,,rowing.csv,2025-09-13T21:48:26.830914,F,,,,,,0
rowing,191.0,88.0,24.12214577451276,ROWER,Andrew Triggs Hodge,191 cm,88 kg,,,,rowing.csv,2025-09-13T21:48:26.830914,M,,,,,,0
rowing,190.0,87.0,24.099722991689752,ROWER,Lucerne Rotsee,190 cm,87 kg,,,,rowing.csv,2025-09-13T21:48:26.830914,M,,,,,,0
rowing,198.0,98.0,24.99744923987348,ROWER,Pete Reed,198 cm,98 kg,,,,rowing.csv,2025-09-13T21:48:26.830914,M,,,,,,0
rowing,185.0,83.0,24.25127830533236,ROWER,Jurgen Grobler,185 cm,83 kg,,,,rowing.csv,2025-09-13T21:48:26.830914,M,,,,,,0
rowing,183.0,75.0,22.39541341933172,ROWER,Sarah Cook,183 cm,75 kg,,,,rowing.csv,2025-09-13T21:48:26.830914,F,,,,,,0
rowing,200.0,103.0,25.75,ROWER,Ondřej Synek,200 cm,103 kg,,,,rowing.csv,2025-09-13T21:48:26.830914,M,,,,,,0
rowing,191.0,77.0,21.106877552698663,ROWER,Grace Luczak,191 cm,77 kg,,,,rowing.csv,2025-09-13T21:48:26.830914,F,,,,,,0
rowing,182.0,75.0,22.6421929718633,ROWER,Kerri Gowler,182 cm,75 kg,,,,rowing.csv,2025-09-13T21:48:26.830914,F,,,,,,0
rowing,177.0,76.0,24.25867407194612,ROWER,Viorica Neculai,177 cm,76 kg,,,,rowing.csv,2025-09-13T21:48:26.830914,F,,,,,,0
rowing,190.0,89.0,24.653739612188367,ROWER,Martin Sinković,190 cm,89 kg,,,,rowing.csv,2025-09-13T21:48:26.830914,M,,,,,,0
rowing,193.0,94.0,25.23557679400789,ROWER,James Cracknell,193 cm,94 kg,,,,rowing.csv,2025-09-13T21:48:26.830914,M,,,,,,0
rowing,193.0,91.0,24.43018604526296,ROWER,Valent Sinković,193 cm,91 kg,,,,rowing.csv,2025-09-13T21:48:26.830914,M,,,,,,0
rowing,195.0,100.0,26.298487836949377,ROWER,Steve Redgrave,195 cm,100 kg,,,,rowing.csv,2025-09-13T21:48:26.830914,M,,,,,,0
rowing,196.0,98.0,25.51020408163265,ROWER,Matthew Pinsent,196 cm,98 kg,,,,rowing.csv,2025-09-13T21:48:26.830914,M,,,,,,0
rowing,200.0,99.0,24.75,ROWER,Mahe Drysdale,200 cm,99 kg,,,,rowing.csv,2025-09-13T21:48:26.830914,M,,,,,,0
rowing,189.0,88.0,24.635368550712467,ROWER,Hamish Bond,189 cm,88 kg,,,,rowing.csv,2025-09-13T21:48:26.830914,M,,,,,,0
rowing,198.0,100.0,25.507601265177023,ROWER,Eric Murray,198 cm,100 kg,,,,rowing.csv,2025-09-13T21:48:26.830914,M,,,,,,0
rowing,193.0,93.0,24.967113211092915,ROWER,Olaf Tufte,193 cm,93 kg,,,,rowing.csv,2025-09-13T21:48:26.830914,M,,,,,,0
rowing,181.0,74.0,22.587833094227893,ROWER,Kim Brennan,181 cm,74 kg,,,,rowing.csv,2025-09-13T21:48:26.830914,F,,,,,,0
rowing,182.0,70.0,21.132713440405748,ROWER,Katherine Grainger,182 cm,70 kg,,,,rowing.csv,2025-09-13T21:48:26.830914,F,,,,,,0
rowing,178.0,70.0,22.09317005428608,ROWER,Helen Glover,178 cm,70 kg,,,,rowing.csv,2025-09-13T21:48:26.830914,F,,,,,,0
rowing,178.0,70.0,22.09317005428608,ROWER,Heather Stanning,178 cm,70 kg,,,,rowing.csv,2025-09-13T21:48:26.830914,F,,,,,,0
rowing,193.0,90.0,24.161722462347985,ROWER,Drew Ginn,193 cm,90 kg,,,,rowing.csv,2025-09-13T21:48:26.830914,M,,,,,,0
rowing,186.0,76.0,21.9678575557868,ROWER,Georgina Rowe,186 cm,76 kg,,,,rowing.csv,2025-09-13T21:48:26.830914,F,,,,,,0
soccer,193.0,92.0,24.69864962817794,SOCCER,Manuel Neuer,193 cm,92 kg,,,,soccer.csv,2025-09-13T21:48:26.832929,M,,,,,,0
soccer,183.0,76.0,22.69401893158948,SOCCER,Toni Kroos,183 cm,76 kg,,,,soccer.csv,2025-09-13T21:48:26.832929,M,,,,,,0
soccer,168.0,70.0,24.801587301587304,SOCCER,N'Golo Kanté,168 cm,70 kg,,,,soccer.csv,2025-09-13T21:48:26.832929,M,,,,,,0
soccer,177.0,75.0,23.93948099205209,SOCCER,Joshua Kimmich,177 cm,75 kg,,,,soccer.csv,2025-09-13T21:48:26.832929,M,,,,,,0
soccer,193.0,92.0,24.69864962817794,SOCCER,Virgil van Dijk,193 cm,92 kg,,,,soccer.csv,2025-09-13T21:48:26.832929,M,,,,,,0
soccer,191.0,91.0,24.94449165318933,SOCCER,Alisson Becker,191 cm,91 kg,,,,soccer.csv,2025-09-13T21:48:26.832929,M,,,,,,0
soccer,176.0,73.0,23.56663223140496,SOCCER,Antoine Griezmann,176 cm,73 kg,,,,soccer.csv,2025-09-13T21:48:26.832929,M,,,,,,0
soccer,185.0,78.0,22.79035792549306,SOCCER,Victor Osimhen,185 cm,78 kg,,,,soccer.csv,2025-09-13T21:48:26.832929,M,,,,,,0
soccer,172.0,66.0,22.30935640886966,SOCCER,Luka Modrić,172 cm,66 kg,,,,soccer.csv,2025-09-13T21:48:26.832929,M,,,,,,0
soccer,184.0,82.0,24.22022684310019,SOCCER,Sergio Ramos,184 cm,82 kg,,,,soccer.csv,2025-09-13T21:48:26.832929,M,,,,,,0
soccer,177.0,75.0,23.93948099205209,SOCCER,Paulo Dybala,177 cm,75 kg,,,,soccer.csv,2025-09-13T21:48:26.832929,M,,,,,,0
soccer,195.0,95.0,24.983563445101908,SOCCER,Zlatan Ibrahimović,195 cm,95 kg,,,,soccer.csv,2025-09-13T21:48:26.832929,M,,,,,,0
soccer,187.0,85.0,24.307243558580453,SOCCER,Marc-André ter Stegen,187 cm,85 kg,,,,soccer.csv,2025-09-13T21:48:26.832929,M,,,,,,0
soccer,191.0,94.0,25.766837531865903,SOCCER,Romelu Lukaku,191 cm,94 kg,,,,soccer.csv,2025-09-13T21:48:26.832929,M,,,,,,0
soccer,185.0,81.0,23.66691015339664,SOCCER,Karim Benzema,185 cm,81 kg,,,,soccer.csv,2025-09-13T21:48:26.832929,M,,,,,,0
soccer,175.0,69.0,22.53061224489796,SOCCER,Sadio Mané,175 cm,69 kg,,,,soccer.csv,2025-09-13T21:48:26.832929,M,,,,,,0
soccer,187.0,84.0,24.021275987303035,SOCCER,Cristiano Ronaldo,187 cm,84 kg,,,,soccer.csv,2025-09-13T21:48:26.832929,M,,,,,,0
soccer,170.0,69.0,23.87543252595156,SOCCER,Raheem Sterling,170 cm,69 kg,,,,soccer.csv,2025-09-13T21:48:26.832929,M,,,,,,0
soccer,178.0,73.0,23.04002019946976,SOCCER,Kylian Mbappé,178 cm,73 kg,,,,soccer.csv,2025-09-13T21:48:26.832929,M,,,,,,0
soccer,195.0,94.0,24.720578566732414,SOCCER,Erling Haaland,195 cm,94 kg,,,,soccer.csv,2025-09-13T21:48:26.832929,M,,,,,,0
soccer,181.0,70.0,21.36686914318855,SOCCER,Kevin De Bruyne,181 cm,70 kg,,,,soccer.csv,2025-09-13T21:48:26.832929,M,,,,,,0
soccer,175.0,68.0,22.20408163265306,SOCCER,Neymar Jr.,175 cm,68 kg,,,,soccer.csv,2025-09-13T21:48:26.832929,M,,,,,,0
soccer,170.0,72.0,24.913494809688583,SOCCER,Lionel Messi,170 cm,72 kg,,,,soccer.csv,2025-09-13T21:48:26.832929,M,,,,,,0
soccer,185.0,81.0,23.66691015339664,SOCCER,Robert Lewandowski,185 cm,81 kg,,,,soccer.csv,2025-09-13T21:48:26.832929,M,,,,,,0
soccer,188.0,86.0,24.332277048438208,SOCCER,Harry Kane,188 cm,86 kg,,,,soccer.csv,2025-09-13T21:48:26.832929,M,,,,,,0
soccer,186.0,75.0,21.678806798473808,SOCCER,Jude Bellingham,186 cm,75 kg,,,,soccer.csv,2025-09-13T21:48:26.832929,M,,,,,,0
soccer,171.0,70.0,23.938989774631512,SOCCER,Phil Foden,171 cm,70 kg,,,,soccer.csv,2025-09-13T21:48:26.832929,M,,,,,,0
soccer,173.0,64.0,21.38394199605733,SOCCER,Bernardo Silva,173 cm,64 kg,,,,soccer.csv,2025-09-13T21:48:26.832929,M,,,,,,0
soccer,176.0,73.0,23.56663223140496,SOCCER,Vinícius Júnior,176 cm,73 kg,,,,soccer.csv,2025-09-13T21:48:26.832929,M,,,,,,0
soccer,175.0,71.0,23.18367346938776,SOCCER,Mohamed Salah,175 cm,71 kg,,,,soccer.csv,2025-09-13T21:48:26.832929,M,,,,,,0
swimming,187.96,,,SWIMMER,Nicolas Santos,"6'2""",,,,,swimming.csv,2025-09-13T21:48:26.837500,,,,,,,0
swimming,193.04,,,SWIMMER,Vladimir Morozov,"6'4""",,,,,swimming.csv,2025-09-13T21:48:26.837500,,,,,,,0
swimming,193.04,86.18248,23.127269938750405,SWIMMER,Chase Kalisz,"6'4""",190 lbs,,,,swimming.csv,2025-09-13T21:48:26.837500,,,,,,,0
swimming,187.96,,,SWIMMER,Jay Litherland,"6'2""",,,,,swimming.csv,2025-09-13T21:48:26.837500,,,,,,,0
swimming,190.5,,,SWIMMER,Leonardo de Deus,"6'3""",,,,,swimming.csv,2025-09-13T21:48:26.837500,,,,,,,0
swimming,187.96,,,SWIMMER,Kamil Stoch,"6'2""",,,,,swimming.csv,2025-09-13T21:48:26.837500,,,,,,,0
swimming,187.96,,,SWIMMER,James Guy,"6'2""",,,,,swimming.csv,2025-09-13T21:48:26.837500,,,,,,,0
swimming,187.96,,,SWIMMER,Mitch Larkin,"6'2""",,,,,swimming.csv,2025-09-13T21:48:26.837500,,,,,,,0
swimming,187.96,,,SWIMMER,Kamil Sieradzki,"6'2""",,,,,swimming.csv,2025-09-13T21:48:26.837500,,,,,,,0
swimming,180.34,,,SWIMMER,Daiya Seto,"5'11""",,,,,swimming.csv,2025-09-13T21:48:26.837500,,,,,,,0
swimming,187.96,,,SWIMMER,Yuya Yajima,"6'2""",,,,,swimming.csv,2025-09-13T21:48:26.837500,,,,,,,0
swimming,187.96,,,SWIMMER,Matt Richards,"6'2""",,,,,swimming.csv,2025-09-13T21:48:26.837500,,,,,,,0
swimming,187.96,,,SWIMMER,Andrii Govorov,"6'2""",,,,,swimming.csv,2025-09-13T21:48:26.837500,,,,,,,0
swimming,193.04,,,SWIMMER,Tom Shields,"6'4""",,,,,swimming.csv,2025-09-13T21:48:26.837500,,,,,,,0
swimming,193.04,,,SWIMMER,Tom Shields 2,"6'4""",,,,,swimming.csv,2025-09-13T21:48:26.837500,,,,,,,0
swimming,185.42,,,SWIMMER,Maxime Grousset,"6'1""",,,,,swimming.csv,2025-09-13T21:48:26.837500,,,,,,,0
swimming,193.04,89.811216,24.10104972564516,SWIMMER,Michael Phelps,"6'4""",198 lbs,"6'7""",,,swimming.csv,2025-09-13T21:48:26.837500,,,,,,,0
swimming,190.5,83.007336,22.873178333023333,SWIMMER,Caeleb Dressel,"6'3""",183 lbs,"6'4""",,,swimming.csv,2025-09-13T21:48:26.837500,,,,,,,0
swimming,195.58,103.872568,27.155136179052924,SWIMMER,Ian Thorpe,"6'5""",229 lbs,,,,swimming.csv,2025-09-13T21:48:26.837500,,,,,,,0
swimming,203.2,86.18248,20.87236111972224,SWIMMER,Matt Grevers,"6'8""",190 lbs,,,,swimming.csv,2025-09-13T21:48:26.837500,,,,,,,0
swimming,190.5,79.83219199999999,21.998248014273805,SWIMMER,David Popovici,"6'3""",176 lbs,,,,swimming.csv,2025-09-13T21:48:26.837500,,,,,,,0
swimming,200.66,87.996848,21.854732765706515,SWIMMER,Michael Gross,"6'7""",194 lbs,"7'0""",,,swimming.csv,2025-09-13T21:48:26.837500,,,,,,,0
swimming,193.04,,,SWIMMER,Zach Apple,"6'4""",,,,,swimming.csv,2025-09-13T21:48:26.837500,,,,,,,0
swimming,193.04,83.007336,22.27521262521749,SWIMMER,Kristóf Milák,"6'4""",183 lbs,,,,swimming.csv,2025-09-13T21:48:26.837500,,,,,,,0
swimming,190.5,,,SWIMMER,Josh Liendo,"6'3""",,,,,swimming.csv,2025-09-13T21:48:26.837500,,,,,,,0
swimming,193.04,,,SWIMMER,Tom Dean,"6'4""",,,,,swimming.csv,2025-09-13T21:48:26.837500,,,,,,,0
swimming,187.96,,,SWIMMER,Kieran Smith,"6'2""",,,,,swimming.csv,2025-09-13T21:48:26.837500,,,,,,,0
swimming,193.04,,,SWIMMER,Duncan Scott,"6'4""",,,,,swimming.csv,2025-09-13T21:48:26.837500,,,,,,,0
swimming,195.58,,,SWIMMER,Ilya Kharun,"6'5""",,,,,swimming.csv,2025-09-13T21:48:26.837500,,,,,,,0
swimming,190.5,,,SWIMMER,Pan Zhanle,"6'3""",,"6'3""",,,swimming.csv,2025-09-13T21:48:26.837500,,,,,,,0
tennis,191.0,80.0,21.92922343137524,TENNIS,Grigor Dimitrov,191 cm,80 kg,,,,tennis.csv,2025-09-13T21:48:26.842517,M,,,,,,0
tennis,198.0,86.0,21.93653708805224,TENNIS,Marin Čilić,198 cm,86 kg,,,,tennis.csv,2025-09-13T21:48:26.842517,M,,,,,,0
tennis,208.0,109.0,25.194156804733726,TENNIS,John Isner,208 cm,109 kg,,,,tennis.csv,2025-09-13T21:48:26.842517,M,,,,,,0
tennis,211.0,109.0,24.48282832820467,TENNIS,Reilly Opelka,211 cm,109 kg,,,,tennis.csv,2025-09-13T21:48:26.842517,M,,,,,,0
tennis,176.0,63.0,20.33832644628099,TENNIS,Iga Świątek,176 cm,63 kg,,,,tennis.csv,2025-09-13T21:48:26.842517,F,,,,,,0
tennis,183.0,77.0,22.99262444384723,TENNIS,Aryna Sabalenka,183 cm,77 kg,,,,tennis.csv,2025-09-13T21:48:26.842517,F,,,,,,0
tennis,181.0,70.0,21.36686914318855,TENNIS,Barbora Krejčíková,181 cm,70 kg,,,,tennis.csv,2025-09-13T21:48:26.842517,F,,,,,,0
tennis,180.0,65.0,20.061728395061728,TENNIS,Coco Gauff,180 cm,65 kg,,,,tennis.csv,2025-09-13T21:48:26.842517,F,,,,,,0
tennis,183.0,70.0,20.902385858042937,TENNIS,Elena Rybakina,183 cm,70 kg,,,,tennis.csv,2025-09-13T21:48:26.842517,F,,,,,,0
tennis,175.0,68.0,22.20408163265306,TENNIS,Jessica Pegula,175 cm,68 kg,,,,tennis.csv,2025-09-13T21:48:26.842517,F,,,,,,0
tennis,168.0,59.0,20.90419501133788,TENNIS,Simona Halep,168 cm,59 kg,,,,tennis.csv,2025-09-13T21:48:26.842517,F,,,,,,0
tennis,182.0,70.0,21.132713440405748,TENNIS,Petra Kvitová,182 cm,70 kg,,,,tennis.csv,2025-09-13T21:48:26.842517,F,,,,,,0
tennis,183.0,76.0,22.69401893158948,TENNIS,Roberto Bautista Agut,183 cm,76 kg,,,,tennis.csv,2025-09-13T21:48:26.842517,M,,,,,,0
tennis,167.0,60.0,21.513858510523864,TENNIS,Ons Jabeur,167 cm,60 kg,,,,tennis.csv,2025-09-13T21:48:26.842517,F,,,,,,0
tennis,180.0,69.0,21.29629629629629,TENNIS,Naomi Osaka,180 cm,69 kg,,,,tennis.csv,2025-09-13T21:48:26.842517,F,,,,,,0
tennis,170.0,64.0,22.145328719723185,TENNIS,Diego Schwartzman,170 cm,64 kg,,,,tennis.csv,2025-09-13T21:48:26.842517,M,,,,,,0
tennis,193.0,85.0,22.819404547773097,TENNIS,Nick Kyrgios,193 cm,85 kg,,,,tennis.csv,2025-09-13T21:48:26.842517,M,,,,,,0
tennis,196.0,95.0,24.7292794668888,TENNIS,Matteo Berrettini,196 cm,95 kg,,,,tennis.csv,2025-09-13T21:48:26.842517,M,,,,,,0
tennis,188.0,77.0,21.785875961973744,TENNIS,Novak Djokovic,188 cm,77 kg,,,,tennis.csv,2025-09-13T21:48:26.842517,M,,,,,,0
tennis,185.0,73.0,21.32943754565376,TENNIS,Carlos Alcaraz,185 cm,73 kg,,,,tennis.csv,2025-09-13T21:48:26.842517,M,,,,,,0
tennis,185.0,79.0,23.08254200146092,TENNIS,Jannik Sinner,185 cm,79 kg,,,,tennis.csv,2025-09-13T21:48:26.842517,M,,,,,,0
tennis,198.0,90.0,22.95684113865932,TENNIS,Alexander Zverev,198 cm,90 kg,,,,tennis.csv,2025-09-13T21:48:26.842517,M,,,,,,0
tennis,185.0,85.0,24.83564645726808,TENNIS,Rafael Nadal,185 cm,85 kg,,,,tennis.csv,2025-09-13T21:48:26.842517,M,,,,,,0
tennis,198.0,83.0,21.17130905009693,TENNIS,Daniil Medvedev,198 cm,83 kg,,,,tennis.csv,2025-09-13T21:48:26.842517,M,,,,,,0
tennis,193.0,91.0,24.43018604526296,TENNIS,Stefanos Tsitsipas,193 cm,91 kg,,,,tennis.csv,2025-09-13T21:48:26.842517,M,,,,,,0
tennis,188.0,79.0,22.35174287007696,TENNIS,Andrey Rublev,188 cm,79 kg,,,,tennis.csv,2025-09-13T21:48:26.842517,M,,,,,,0
tennis,185.0,77.0,22.4981738495252,TENNIS,Casper Ruud,185 cm,77 kg,,,,tennis.csv,2025-09-13T21:48:26.842517,M,,,,,,0
tennis,188.0,86.0,24.332277048438208,TENNIS,Taylor Fritz,188 cm,86 kg,,,,tennis.csv,2025-09-13T21:48:26.842517,M,,,,,,0
tennis,185.0,85.0,24.83564645726808,TENNIS,Frances Tiafoe,185 cm,85 kg,,,,tennis.csv,2025-09-13T21:48:26.842517,M,,,,,,0
tennis,185.0,85.0,24.83564645726808,TENNIS,Roger Federer,185 cm,85 kg,,,,tennis.csv,2025-09-13T21:48:26.842517,M,,,,,,0
track_field,168.0,60.0,21.258503401360542,SPRINTER,Blessing Okagbare,168 cm,60 kg,,,,track_field.csv,2025-09-13T21:48:26.844513,F,,,,,,0
track_field,170.0,60.0,20.761245674740486,SPRINTER,Sha'Carri Richardson,170 cm,60 kg,,,,track_field.csv,2025-09-13T21:48:26.844513,F,,,,,,0
track_field,166.0,58.0,21.04804761213529,SPRINTER,Marie-Josee Ta Lou,166 cm,58 kg,,,,track_field.csv,2025-09-13T21:48:26.844513,F,,,,,,0
track_field,152.0,52.0,22.50692520775624,SPRINTER,Shelly-Ann Fraser,152 cm,52 kg,,,,track_field.csv,2025-09-13T21:48:26.844513,F,,,,,,0
track_field,165.0,59.0,21.6712580348944,SPRINTER,Carmelita Jeter,165 cm,59 kg,,,,track_field.csv,2025-09-13T21:48:26.844513,F,,,,,,0
track_field,178.0,,,SPRINTER,Christian Malcolm,178 cm,,,,,track_field.csv,2025-09-13T21:48:26.844513,M,,,,,,0
track_field,167.0,64.0,22.948115744558788,SPRINTER,Dina Asher-Smith,167 cm,64 kg,,,,track_field.csv,2025-09-13T21:48:26.844513,F,,,,,,0
track_field,170.0,60.0,20.761245674740486,SPRINTER,Merlene Ottey,170 cm,60 kg,,,,track_field.csv,2025-09-13T21:48:26.844513,F,,,,,,0
track_field,,,,HURDLER,Luminosa Bogliolo,,,,,,track_field.csv,2025-09-13T21:48:26.844513,F,,,,,,0
track_field,170.0,64.0,22.145328719723185,HURDLER,Tobi Amusan,170 cm,64 kg,,,,track_field.csv,2025-09-13T21:48:26.844513,F,,,,,,0
track_field,168.0,,,SPRINTER,Julien Alfred,168 cm,,,,,track_field.csv,2025-09-13T21:48:26.844513,F,,,,,,0
track_field,183.0,77.0,22.99262444384723,SPRINTER,Reece Prescod,183 cm,77 kg,,,,track_field.csv,2025-09-13T21:48:26.844513,M,,,,,,0
track_field,168.0,60.0,21.258503401360542,SPRINTER,Tori Bowie,168 cm,60 kg,,,,track_field.csv,2025-09-13T21:48:26.844513,F,,,,,,0
track_field,168.0,63.0,22.321428571428577,SPRINTER,Elaine Thompson-Herah,168 cm,63 kg,,,,track_field.csv,2025-09-13T21:48:26.844513,F,,,,,,0
track_field,188.0,86.0,24.332277048438208,SPRINTER,Fred Kerley,188 cm,86 kg,,,,track_field.csv,2025-09-13T21:48:26.844513,M,,,,,,0
track_field,183.0,78.0,23.291229956104985,SPRINTER,Kenny Bednarek,183 cm,78 kg,,,,track_field.csv,2025-09-13T21:48:26.844513,M,,,,,,0
track_field,195.0,94.0,24.720578566732414,SPRINTER,Usain Bolt,195 cm,94 kg,,,,track_field.csv,2025-09-13T21:48:26.844513,M,,,,,,0
track_field,180.0,90.0,27.77777777777777,SPRINTER,Yohan Blake,180 cm,90 kg,,,,track_field.csv,2025-09-13T21:48:26.844513,M,,,,,,0
track_field,185.0,83.0,24.25127830533236,SPRINTER,Justin Gatlin,185 cm,83 kg,,,,track_field.csv,2025-09-13T21:48:26.844513,M,,,,,,0
track_field,176.0,73.0,23.56663223140496,SPRINTER,Christian Coleman,176 cm,73 kg,,,,track_field.csv,2025-09-13T21:48:26.844513,M,,,,,,0
track_field,173.0,75.0,25.05930702662969,SPRINTER,Trayvon Bromell,173 cm,75 kg,,,,track_field.csv,2025-09-13T21:48:26.844513,M,,,,,,0
track_field,178.0,83.0,26.19618735008206,SPRINTER,Tyson Gay,178 cm,83 kg,,,,track_field.csv,2025-09-13T21:48:26.844513,M,,,,,,0
track_field,176.0,75.0,24.21229338842976,SPRINTER,Andre De Grasse,176 cm,75 kg,,,,track_field.csv,2025-09-13T21:48:26.844513,M,,,,,,0
track_field,175.0,,,SPRINTER,Yuki Koike,175 cm,,,,,track_field.csv,2025-09-13T21:48:26.844513,M,,,,,,0
track_field,183.0,,,SPRINTER,Letsile Tebogo,183 cm,,,,,track_field.csv,2025-09-13T21:48:26.844513,M,,,,,,0
track_field,180.0,,,SPRINTER,Erriyon Knighton,180 cm,,,,,track_field.csv,2025-09-13T21:48:26.844513,M,,,,,,0
track_field,188.0,88.0,24.898143956541425,SPRINTER,Asafa Powell,188 cm,88 kg,,,,track_field.csv,2025-09-13T21:48:26.844513,M,,,,,,0
track_field,183.0,79.0,23.589835468362743,SPRINTER,Noah Lyles,183 cm,79 kg,,,,track_field.csv,2025-09-13T21:48:26.844513,M,,,,,,0
track_field,152.0,52.0,22.50692520775624,SPRINTER,Shelly-Ann Fraser-Pryce,152 cm,52 kg,,,,track_field.csv,2025-09-13T21:48:26.844513,F,,,,,,0
volleyball,202.0,91.0,22.30173512400745,VOLLEYBALL,Amir Ghafour,202 cm,91 kg,,,,volleyball.csv,2025-09-13T21:48:26.848336,M,,,,,,0
volleyball,197.0,88.0,22.67515267077224,VOLLEYBALL,Sergey Tetyukhin,197 cm,88 kg,,,,volleyball.csv,2025-09-13T21:48:26.848336,M,,,,,,0
volleyball,196.0,87.0,22.646813827571847,VOLLEYBALL,Andrea Giani,196 cm,87 kg,,,,volleyball.csv,2025-09-13T21:48:26.848336,M,,,,,,0
volleyball,188.0,93.0,26.312811226799457,VOLLEYBALL,Karch Kiraly,188 cm,93 kg,,,,volleyball.csv,2025-09-13T21:48:26.848336,M,,,,,,0
volleyball,189.0,80.0,22.395789591556788,VOLLEYBALL,Saeid Marouf,189 cm,80 kg,,,,volleyball.csv,2025-09-13T21:48:26.848336,M,,,,,,0
volleyball,198.0,91.0,23.21191715131109,VOLLEYBALL,Pavel Pankov,198 cm,91 kg,,,,volleyball.csv,2025-09-13T21:48:26.848336,M,,,,,,0
volleyball,218.0,105.0,22.0940998232472,VOLLEYBALL,Dmitry Muserskiy,218 cm,105 kg,,,,volleyball.csv,2025-09-13T21:48:26.848336,M,,,,,,0
volleyball,186.0,80.0,23.12406058503873,VOLLEYBALL,Yuji Nishida,186 cm,80 kg,,,,volleyball.csv,2025-09-13T21:48:26.848336,M,,,,,,0
volleyball,191.0,84.0,23.025684602944,VOLLEYBALL,Yūki Ishikawa,191 cm,84 kg,,,,volleyball.csv,2025-09-13T21:48:26.848336,M,,,,,,0
volleyball,193.0,90.0,24.161722462347985,VOLLEYBALL,Kunihiro Shimizu,193 cm,90 kg,,,,volleyball.csv,2025-09-13T21:48:26.848336,M,,,,,,0
volleyball,192.0,85.0,23.057725694444446,VOLLEYBALL,Giba,192 cm,85 kg,,,,volleyball.csv,2025-09-13T21:48:26.848336,M,,,,,,0
volleyball,194.0,88.0,23.381868423849507,VOLLEYBALL,Nikola Grbić,194 cm,88 kg,,,,volleyball.csv,2025-09-13T21:48:26.848336,M,,,,,,0
volleyball,190.0,92.0,25.48476454293629,VOLLEYBALL,Luciano De Cecco,190 cm,92 kg,,,,volleyball.csv,2025-09-13T21:48:26.848336,M,,,,,,0
volleyball,202.0,95.0,23.28203117341437,VOLLEYBALL,Aleksandar Atanasijević,202 cm,95 kg,,,,volleyball.csv,2025-09-13T21:48:26.848336,M,,,,,,0
volleyball,197.0,89.0,22.93282486021284,VOLLEYBALL,Facundo Conte,197 cm,89 kg,,,,volleyball.csv,2025-09-13T21:48:26.848336,M,,,,,,0
volleyball,188.0,85.0,24.049343594386603,VOLLEYBALL,Jenia Grebennikov,188 cm,85 kg,,,,volleyball.csv,2025-09-13T21:48:26.848336,M,,,,,,0
volleyball,201.0,85.0,21.03908319101013,VOLLEYBALL,Wilfredo León,201 cm,85 kg,,,,volleyball.csv,2025-09-13T21:48:26.848336,M,,,,, ,0
volleyball,194.0,95.0,25.241789775746625,VOLLEYBALL,Earvin N'Gapeth,194 cm,95 kg,,,,volleyball.csv,2025-09-13T21:48:26.848336,M,,,,,,0
volleyball,202.0,92.0,22.54680913635918,VOLLEYBALL,Ivan Zaytsev,202 cm,92 kg,,,,volleyball.csv,2025-09-13T21:48:26.848336,M,,,,,,0
volleyball,200.0,85.0,21.25,VOLLEYBALL,Osmany Juantorena,200 cm,85 kg,,,,volleyball.csv,2025-09-13T21:48:26.848336,M,,,,,,0
volleyball,198.0,92.0,23.46699316396286,VOLLEYBALL,Simone Giannelli,198 cm,92 kg,,,,volleyball.csv,2025-09-13T21:48:26.848336,M,,,,,,0
volleyball,190.0,76.0,21.05263157894737,VOLLEYBALL,Bruno Rezende,190 cm,76 kg,,,,volleyball.csv,2025-09-13T21:48:26.848336,M,,,,,,0
volleyball,202.0,94.0,23.03695716106264,VOLLEYBALL,Maxim Mikhaylov,202 cm,94 kg,,,,volleyball.csv,2025-09-13T21:48:26.848336,M,,,,,,0
volleyball,202.0,86.0,21.0763650622488,VOLLEYBALL,Matthew Anderson,202 cm,86 kg,,,,volleyball.csv,2025-09-13T21:48:26.848336,M,,,,,,0
volleyball,198.0,88.0,22.44668911335578,VOLLEYBALL,Micah Christenson,198 cm,88 kg,,,,volleyball.csv,2025-09-13T21:48:26.848336,M,,,,,,0
volleyball,196.0,80.0,20.82465639316952,VOLLEYBALL,Taylor Sander,196 cm,80 kg,,,,volleyball.csv,2025-09-13T21:48:26.848336,M,,,,,,0
volleyball,206.0,110.0,25.921387501178245,VOLLEYBALL,Tsvetan Sokolov,206 cm,110 kg,,,,volleyball.csv,2025-09-13T21:48:26.848336,M,,,,,,0
volleyball,201.0,95.0,23.514269448776027,VOLLEYBALL,Yoandy Leal,201 cm,95 kg,,,,volleyball.csv,2025-09-13T21:48:26.848336,M,,,,,,0
volleyball,209.0,90.0,20.603923902841057,VOLLEYBALL,Egor Kliuka,209 cm,90 kg,,,,volleyball.csv,2025-09-13T21:48:26.848336,M,,,,,,0
volleyball,198.0,93.0,23.72206917661463,VOLLEYBALL,Wallace de Souza,198 cm,93 kg,,,,volleyball.csv,2025-09-13T21:48:26.848336,M,,,,,,0
weightlifting,174.0,81.0,26.7538644470868,WEIGHTLIFTER,Karlos Nasar,174 cm,81 kg,,,,weightlifting.csv,2025-09-13T21:48:26.851338,M,,,,,,0
weightlifting,165.0,69.0,25.34435261707989,WEIGHTLIFTER,Daniyar Ismayilov,165 cm,69 kg,,,,weightlifting.csv,2025-09-13T21:48:26.851338,M,,,,,,0
weightlifting,170.0,73.0,25.25951557093426,WEIGHTLIFTER,Clarence Cummings Jr.,170 cm,73 kg,,,,weightlifting.csv,2025-09-13T21:48:26.851338,M,,,,,,0
weightlifting,167.0,77.0,27.60945175517229,WEIGHTLIFTER,Mohamed Ehab,167 cm,77 kg,,,,weightlifting.csv,2025-09-13T21:48:26.851338,M,,,,,,0
weightlifting,168.0,67.0,23.73866213151928,WEIGHTLIFTER,Chen Lijun,168 cm,67 kg,,,,weightlifting.csv,2025-09-13T21:48:26.851338,M,,,,,,0
weightlifting,181.0,110.0,33.576508653582,WEIGHTLIFTER,Yury Zakharevich,181 cm,110 kg,,,,weightlifting.csv,2025-09-13T21:48:26.851338,M,,,,,,2
weightlifting,170.0,77.0,26.64359861591696,WEIGHTLIFTER,Georgi Asanidze,170 cm,77 kg,,,,weightlifting.csv,2025-09-13T21:48:26.851338,M,,,,,,0
weightlifting,181.0,125.0,38.15512346997955,WEIGHTLIFTER,Anatoly Pisarenko,181 cm,125 kg,,,,weightlifting.csv,2025-09-13T21:48:26.851338,M,,,,,,2
weightlifting,175.0,85.0,27.755102040816325,WEIGHTLIFTER,Hristo Plachkov,175 cm,85 kg,,,,weightlifting.csv,2025-09-13T21:48:26.851338,M,,,,,,0
weightlifting,170.0,69.0,23.87543252595156,WEIGHTLIFTER,Oleg Chen,170 cm,69 kg,,,,weightlifting.csv,2025-09-13T21:48:26.851338,M,,,,,,0
weightlifting,164.0,69.0,25.65437239738252,WEIGHTLIFTER,Tigran Martirosyan,164 cm,69 kg,,,,weightlifting.csv,2025-09-13T21:48:26.851338,M,,,,,,0
weightlifting,182.0,105.0,31.69907016060862,WEIGHTLIFTER,Andrei Aramnau,182 cm,105 kg,,,,weightlifting.csv,2025-09-13T21:48:26.851338,M,,,,,,2
weightlifting,170.0,69.0,23.87543252595156,WEIGHTLIFTER,Valentin Hristov,170 cm,69 kg,,,,weightlifting.csv,2025-09-13T21:48:26.851338,M,,,,,,0
weightlifting,180.0,94.0,29.012345679012345,WEIGHTLIFTER,Kakhi Kakhiashvili,180 cm,94 kg,,,,weightlifting.csv,2025-09-13T21:48:26.851338,M,,,,,,0
weightlifting,168.0,73.0,25.86451247165533,WEIGHTLIFTER,Shi Zhiyong,168 cm,73 kg,,,,weightlifting.csv,2025-09-13T21:48:26.851338,M,,,,,,0
weightlifting,170.0,82.0,28.37370242214533,WEIGHTLIFTER,Yurik Vardanyan,170 cm,82 kg,,,,weightlifting.csv,2025-09-13T21:48:26.851338,M,,,,,,0
weightlifting,180.0,110.0,33.95061728395061,WEIGHTLIFTER,Leonid Taranenko,180 cm,110 kg,,,,weightlifting.csv,2025-09-13T21:48:26.851338,M,,,,,,2
weightlifting,173.0,85.0,28.40054796351365,WEIGHTLIFTER,Pyrros Dimas,173 cm,85 kg,,,,weightlifting.csv,2025-09-13T21:48:26.851338,M,,,,,,0
weightlifting,180.0,93.0,28.703703703703702,WEIGHTLIFTER,Akakios Kakiasvilis,180 cm,93 kg,,,,weightlifting.csv,2025-09-13T21:48:26.851338,M,,,,,,0
weightlifting,175.0,85.0,27.755102040816325,WEIGHTLIFTER,Kianoush Rostami,175 cm,85 kg,,,,weightlifting.csv,2025-09-13T21:48:26.851338,M,,,,,,0
weightlifting,150.0,56.0,24.88888888888889,WEIGHTLIFTER,Halil Mutlu,150 cm,56 kg,,,,weightlifting.csv,2025-09-13T21:48:26.851338,M,,,,,,0
weightlifting,147.0,62.0,28.691748808366885,WEIGHTLIFTER,Naim Süleymanoğlu,147 cm,62 kg,,,,weightlifting.csv,2025-09-13T21:48:26.851338,M,,,,,,0
weightlifting,174.0,104.0,34.35064077156824,WEIGHTLIFTER,Ilya Ilyin,174 cm,104 kg,,,,weightlifting.csv,2025-09-13T21:48:26.851338,M,,,,,,2
weightlifting,172.0,81.0,27.379664683612766,WEIGHTLIFTER,Lü Xiaojun,172 cm,81 kg,,,,weightlifting.csv,2025-09-13T21:48:26.851338,M,,,,,,0
weightlifting,186.0,152.0,43.93571511157359,WEIGHTLIFTER,Hossein Rezazadeh,186 cm,152 kg,,,,weightlifting.csv,2025-09-13T21:48:26.851338,M,,,,,,1
weightlifting,197.0,,,WEIGHTLIFTER,Behdad Salimi,197 cm,,,,,weightlifting.csv,2025-09-13T21:48:26.851338,M,,,,,,0
weightlifting,197.0,183.0,47.15401066762864,WEIGHTLIFTER,Lasha Talakhadze,197 cm,183 kg,,,,weightlifting.csv,2025-09-13T21:48:26.851338,M,,,,,,1
weightlifting,168.0,82.0,29.053287981859416,WEIGHTLIFTER,Blagoy Blagoev,168 cm,82 kg,,,,weightlifting.csv,2025-09-13T21:48:26.851338,M,,,,,,0
weightlifting,185.0,160.0,46.74945215485756,WEIGHTLIFTER,Vasily Alekseyev,185 cm,160 kg,,,,weightlifting.csv,2025-09-13T21:48:26.851338,M,,,,,,1
weightlifting,160.0,52.0,20.3125,WEIGHTLIFTER,Ivan Ivanov,160 cm,52 kg,,,,weightlifting.csv,2025-09-13T21:48:26.851338,M,,,,,,0
